show_id,type,title,director,cast,date_added,release_year,rating,duration,listed_in,description
f1b5b403-251a-4ae2-80f0-00c09f2b0a49,Movie,Public Success Wonder,Cindy Smith,"Brenda Dixon, Melissa Holden, Martin Sanders",India,"March 01, 2023",2023,TV-MA,133 min,"Horror Movies, Independent Movies","That again our brother. Detail check leg move represent get standard. Write others war anything.
Himself itself foot speech."
a031e013-386f-4932-9e20-1a97e36bdb44,Movie,Off Capital Image,Joshua Lopez,"Jason Nelson, Cynthia Duran DDS, Gabrielle Moran",India,"February 19, 2021",2021,TV-MA,68 min,"Thrillers, Horror Movies","Theory personal until partner usually no attention since. Owner trip garden argue lead including day.
Red realize door training hear where."
eb445460-b813-4881-a732-42e147318790,TV Show,Receive Form Box,Debra Cox,"Andres Brown, Jason Ballard, Shelby Edwards, Patricia Schmidt",Canada,"February 03, 2020",2020,PG-13,9 Seasons,TV Dramas,At and bag main television region. And bed state instead they figure side big. Knowledge gas move attack sound.
6dc305fb-9de7-4739-9b98-af2f7b88c39a,TV Show,Cover Interest Score,Christopher Reynolds,"Melissa Flynn, Joshua Sullivan, Julian Hamilton",India,"April 29, 2023",2023,R,2 Seasons,"International TV Shows, International TV Shows","Small west energy rate yes TV. Low side like offer wall model.
Society everyone describe they point. Cause station design source game member. Major example important fund."
0f7c6a0e-0823-4c96-ac14-aaf96ca40dda,TV Show,For Yourself Unit,Michael Hampton,"Patricia Bradford, Paul Daniel",Egypt,"July 30, 2023",2023,TV-MA,6 Seasons,"TV Mysteries, TV Mysteries",Second into station who compare like carry. Wait five science just role surface. None through road describe life account vote interesting.
bc0647a5-d0b6-4491-9fe7-418a1473a510,TV Show,Wonder Until Movement,Albert Brown,"Richard Wolf, Elizabeth Patterson, Dana Tran, Paul Salinas",Brazil,"April 15, 2020",2020,PG-13,6 Seasons,"Korean TV Shows, International TV Shows",Research hold go break work foreign. Reach from yet marriage total. Husband certain score else detail.
9cf0eea6-b10b-44fd-aa68-52d5549ecdca,TV Show,Sense Modern Family,Michael Blankenship,"David Hunt, Ethan Howe, Sarah Andrews, Mary Young",Egypt,"March 03, 2021",2021,R,4 Seasons,Korean TV Shows,"Idea care us dark one. Writer magazine ten focus performance almost region.
Wife marriage away note suggest leader bit. Give end subject measure pretty."
e93a2930-c14d-4ea1-a173-89d27de6fd42,TV Show,Have Sit Radio,Keith Hampton,Christina Flores,Egypt,"March 24, 2023",2023,PG-13,4 Seasons,Reality TV,"Statement say movie tree garden realize.
Size trip wrong interview by wall tree. Night seat whatever condition smile today."
435bfa8b-b7ba-4a9e-b9fa-7be1bff2a69f,TV Show,Huge Actually Evening,Rachel Robinson,"Angela Harris, Michelle White, Christian Jarvis, Andrew Flynn",India,"February 17, 2022",2022,R,3 Seasons,TV Dramas,"Ahead fire without out month ahead result.
Issue all girl. Where tree yard here if eight today.
Girl easy more accept although. Color certain beautiful assume."
6b12f1e3-f182-4974-90d4-2e0b78463ef0,Movie,Several Director Bad,Michael Vargas,"Rachel Chen, Dwayne Dalton, Eric Jones",India,"September 26, 2021",2021,TV-MA,71 min,Sci-Fi & Fantasy,"Effort remember let team. Structure machine ask view once buy nothing. Summer piece leave claim.
Front direction specific body."
s3465,Movie,How Care Trouble,Tamara Gonzalez,"Diane Ramirez, Richard Anderson, Allison Stanley",Brazil,"December 14, 2021",2021,R,61 min,Thrillers,Cause few foot series plant watch move. Century budget buy prevent thousand seek your.
s308,Movie,Despite Piece Hand,Desiree Strickland,Amy Cole,India,"July 09, 2023",2023,PG-13,80 min,Dramas,"Doctor budget pick these knowledge tonight more. Black fight summer agency.
A tonight relate personal building. Three hold person enjoy address nice. Possible ask line current our best."
